year,site,date,id,species,,,
2017,WP,5/4/17,2345,NEFU,,,
2017,WP,5/5/17,2346,PECA,,,
2017,WP,5/5/17,2347,PEMA,,,
2017,WP,5/5/17,2348,NEFU,,,
2017,WP,5/5/17,NA,NEFU,,,
2017,WP,5/6/17,2349,NEFU,,,
2017,WP,5/6/17,S915,NEFU,,,
2017,JSCP,5/1/17,2333,PETR,,,
2017,JSCP,5/1/17,2334,PETR,,,
2017,JSCP,5/1/17,2335,NEFU,,,
2017,JSCP,5/1/17,2336,NEFU,,,
2017,JSCP,5/1/17,2392,NEFU,,,
2017,JSCP,5/1/17,2393,NEFU,,,
2017,JSCP,5/1/17,2394,PETR,,,
2017,JSCP,5/1/17,2395,NEFU,,,
2017,JSCP,5/1/17,2396,PETR,,,
2017,JSCP,5/1/17,2397,NEFU,,,
2017,JSCP,5/1/17,2398,PETR,,,
2017,JSCP,5/1/17,2399,PETR,,,
2017,JSCP,5/1/17,2400,NEFU,,,
2017,JSCP,5/1/17,S774,PETR,,,
2017,JSCP,5/1/17,S814,PETR,,,
2017,JSCP,5/1/17,S819,PETR,,,
2017,JSCP,5/2/17,2341,PETR,,,
2017,JSCP,5/2/17,2342,NEFU,,,
2017,JSCP,5/2/17,2343,NEFU,,,
2017,JSCP,5/2/17,2344,PETR,,,
2017,JSCP,4/30/17,2327,PETR,,,
2017,JSCP,4/30/17,2328,PETR,,,
2017,JSCP,4/30/17,2329,PETR,,,
2017,JSCP,4/30/17,2330,PETR,,,
2017,JSCP,4/30/17,2331,PETR,,,
2017,JSCP,4/30/17,2332,PETR,,,
2017,JSCP,4/30/17,2359,PETR,,,
2017,JSCP,4/30/17,2363,PETR,,,
2017,JSCP,4/30/17,2364,PETR,,,
2017,JSCP,4/30/17,2365,PETR,,,
2017,JSCP,4/30/17,2366,PETR,,,
2017,JSCP,4/30/17,2376,PETR,,,
2017,JSCP,4/30/17,2377,PETR,,,
2017,JSCP,4/30/17,2378,PETR,,,
2017,JSCP,4/30/17,2380,PETR,,,
2017,JSCP,4/30/17,2381,PETR,,,
2017,JSCP,4/30/17,2382,PETR,,,
2017,JSCP,4/30/17,2383,PETR,,,
2017,JSCP,4/30/17,2384,PETR,,,
2017,JSCP,4/30/17,2385,PETR,,,
2017,JSCP,4/30/17,2386,PETR,,,
2017,JSCP,4/30/17,2387,PETR,,,
2017,JSCP,4/30/17,2388,NEFU,,,
2017,JSCP,4/30/17,2389,PETR,,,
2017,JSCP,4/30/17,2390,PETR,,,
2017,JSCP,4/30/17,2391,PETR,,,
2017,JSCP,4/30/17,S775,PETR,,,
2017,JSCP,4/30/17,S803,PETR,,,
2017,JSCP,4/30/17,S808,PETR,,,
2017,JSCP,4/30/17,S809,PETR,,,
2017,JSCP,4/30/17,S816,PETR,,,
2017,JSCP,4/30/17,S817,PETR,,,
2017,JSCP,4/30/17,S821,NEFU,,,
2017,JSCP,4/30/17,S882,PETR,,,
2017,JSCP,4/30/17,S951,PETR,,,
2017,JSCP,4/30/17,S997,PETR,,,
2017,WDLP,4/23/17,2326,PECA,,,
2017,WDLP,4/23/17,2351,PETR,,,
2017,WDLP,4/23/17,2352,PETR,,,
2017,WDLP,4/23/17,2353,NEFU,,,
2017,WDLP,4/23/17,2367,PETR,,,
2017,WDLP,4/23/17,2368,PETR,,,
2017,WDLP,4/23/17,2369,PETR,,,
2017,WDLP,4/23/17,2370,PECA,,,
2017,WDLP,4/23/17,2371,NEFU,,,
2017,WDLP,4/23/17,2372,PETR,,,
2017,WDLP,4/23/17,2373,PETR,,,
2017,WDLP,4/23/17,2374,PETR,,,
2017,WDLP,4/23/17,2375,PETR,,,
2017,WDLP,4/23/17,3096,NEFU,,,
2017,WDLP,4/23/17,S930,PETR,,,
2017,WDLP,4/23/17,S931,PETR,,,
2017,WDLP,4/23/17,S932,PETR,,,
2017,WDLP,4/23/17,S933,PECA,,,
2017,WDLP,4/23/17,S934,PETR,,,
2017,WDLP,4/23/17,S935,PETR,,,
2017,WDLP,4/23/17,S936,NEFU,,,
2017,WDLP,4/23/17,S980,PETR,,,
2017,WDLP,4/23/17,S981,PETR,,,
2017,WDLP,4/24/17,S937,NEFU,,,
2017,WDLP,4/24/17,S938,NEFU,,,
2017,WDLP,4/24/17,S939,NEFU,,,
2017,WDLP,4/24/17,S940,NEFU,,,
2017,WDLP,4/24/17,S941,PECA,,,
2017,WDLP,4/24/17,S942,NEFU,,,
2017,WDLP,4/24/17,S943,PETR,,,
2017,WDLP,4/24/17,S944,PETR,,,
2017,WDLP,4/24/17,S945,PETR,,,
2017,WDLP,4/24/17,S946,PETR,,,
2017,WDLP,4/24/17,S947,PETR,,,
2017,WDLP,4/25/17,M202,PETR,,,
2017,WDLP,4/25/17,S948,NEFU,,,
2017,WDLP,4/25/17,S949,PETR,,,
2017,WDLP,4/25/17,S950,PETR,,,
2017,WDLP,4/25/17,S952,PETR,,,
2017,WDLP,4/25/17,S953,NEFU,,,
2017,WDLP,4/25/17,S977,PETR,,,
2017,WDLP,4/25/17,S983,VOLE,,,
2017,WDLP,4/25/17,S984,PETR,,,
2017,WDLP,4/25/17,S985,NEFU,,,
2017,WDLP,4/25/17,S986,NEFU,,,
2017,HOS,5/11/17,2801,PETR,,,
2017,HOS,5/11/17,2802,PETR,,,
2017,HOS,5/11/17,2803,PETR,,,
2017,HOS,5/11/17,2804,PETR,,,
2017,HOS,5/11/17,2805,PETR,,,
2017,HOS,5/11/17,2806,PETR,,,
2017,HOS,5/11/17,2807,PETR,,,
2017,HOS,5/11/17,2808,PETR,,,
2017,HOS,5/11/17,2809,PETR,,,
2017,HOS,5/11/17,2810,PECA,,,
2017,HOS,5/11/17,2811,PETR,,,
2017,HOS,5/11/17,2812,PETR,,,
2017,HOS,5/11/17,2813,PETR,,,
2017,HOS,5/11/17,2814,PETR,,,
2017,HOS,5/11/17,2815,PETR,,,
2017,HOS,5/11/17,2816,PETR,,,
2017,HOS,5/11/17,2817,NEFU,,,
2017,HOS,5/11/17,2818,NEFU,,,
2017,HOS,5/11/17,2819,PETR,,,
2017,HOS,5/11/17,2820,NEFU,,,
2017,HOS,5/11/17,2823,PETR,,,
2017,HOS,5/11/17,S880,PETR,,,
2017,HOS,5/11/17,NA,NEFU,,,
2017,HOS,5/12/17,2821,PETR,,,
2017,HOS,5/12/17,2822,PETR,,,
2017,HOS,5/12/17,2839,PETR,,,
2017,HOS,5/12/17,2846,NEFU,,,
2017,HOS,5/12/17,2849,NEFU,,,
2017,HOS,5/13/17,2826,NEFU,,,
2017,HOS,5/13/17,2827,PETR,,,
2017,HOS,5/13/17,2828,PETR,,,
2017,HOS,5/13/17,2829,NEFU,,,
2017,HOS,5/13/17,2830,PETR,,,
2017,HOS,5/13/17,2831,NEFU,,,
2017,HOS,5/13/17,2832,PETR,,,
2017,HOS,5/13/17,2833,NEFU,,,
2017,HOS,5/13/17,2834,PETR,,,
2017,HOS,5/13/17,2835,PETR,,,
2017,HOS,5/13/17,2836,NEFU,,,
2017,HOS,5/13/17,2837,PECA,,,
2017,HOS,5/13/17,2840,REME,,,
2017,HOS,5/13/17,2841,REME,,,
2017,TUP,5/21/17,2337,PEMA,,,
2017,TUP,5/21/17,2350,NEFU,,,
2017,TUP,5/21/17,2845,NEFU,,,
2017,TUP,5/21/17,2850,NEFU,,,
2017,TUP,5/21/17,2875,NEFU,,,
2017,TUP,5/21/17,2877,PEMA,,,
2017,TUP,5/21/17,2878,PEMA,,,
2017,TUP,5/21/17,2879,PEMA,,,
2017,TUP,5/21/17,2880,PEMA,,,
2017,TUP,5/21/17,2881,PEMA,,,
2017,TUP,5/21/17,2882,PEMA,,,
2017,TUP,5/21/17,2883,PEMA,,,
2017,TUP,5/21/17,2884,PEMA,,,
2017,TUP,5/21/17,2885,PEMA,,,
2017,TUP,5/21/17,2886,PEMA,,,
2017,TUP,5/21/17,2887,PEMA,,,
2017,TUP,5/21/17,2897,PEMA,,,
2017,TUP,5/21/17,2898,PEMA,,,
2017,TUP,5/21/17,2899,NEFU,,,
2017,TUP,5/21/17,3066,NEFU,,,
2017,TUP,5/21/17,3067,NEFU,,,
2017,TUP,5/21/17,S929,NEFU,,,
2017,TUP,5/22/17,2844,NEFU,,,
2017,TUP,5/22/17,2848,NEFU,,,
2017,TUP,5/22/17,2888,RANO,,,
2017,TUP,5/22/17,2889,NEFU,,,
2017,TUP,5/22/17,2890,NEFU,,,
2017,TUP,5/22/17,2891,NEFU,,,
2017,TUP,5/22/17,2892,PEMA,,,
2017,TUP,5/22/17,2893,PEMA,,,
2017,TUP,5/22/17,2894,PEMA,,,
2017,TUP,5/22/17,2895,PEMA,,,
2017,TUP,5/22/17,2896,PEMA,,,
2017,TUP,5/22/17,2901,PEMA,,,
2017,TUP,5/22/17,2902,PEMA,,,
2017,TUP,5/22/17,2903,PEMA,,,
2017,TUP,5/23/17,2904,NEFU,,,
2017,TUP,5/23/17,2905,PEMA,,,
2017,TUP,5/23/17,2906,NEFU,,,
2017,TUP,5/23/17,2907,PEMA,,,
2017,TUP,5/23/17,2908,NEFU,,,
2017,TUP,5/23/17,2909,PEMA,,,
2017,TUP,5/23/17,2910,PEMA,,,
2017,TUP,5/23/17,2911,NEFU,,,
2017,TUP,5/23/17,2912,PEMA,,,
2017,TUP,5/23/17,2913,NEFU,,,
2017,TUP,5/23/17,2914,PEMA,,,
2017,TUP,5/23/17,2915,PEMA,,,
2017,TUP,5/23/17,2916,PEMA,,,
2017,TUP,5/23/17,2917,PEMA,,,
2017,LFY,5/18/17,2857,PETR,,,
2017,LFY,5/18/17,2858,PETR,,,
2017,LFY,5/18/17,2859,PETR,,,
2017,LFY,5/18/17,2860,NEFU,,,
2017,LFY,5/18/17,3054,PETR,,,
2017,LFY,5/19/17,2861,PETR,,,
2017,LFY,5/19/17,2862,REMA ,,,
2017,LFY,5/19/17,2863,PETR,,,
2017,LFY,5/19/17,2864,PETR,,,
2017,LFY,5/19/17,2865,NEFU,,,
2017,LFY,5/19/17,2866,NEFU,,,
2017,LFY,5/19/17,3040,NEFU,,,
2017,LFY,5/19/17,NA,PETR,,,
2017,LFY,5/20/17,2867,PETR,,,
2017,LFY,5/20/17,2868,PETR,,,
2017,LFY,5/20/17,2869,PETR,,,
2017,LFY,5/20/17,2870,VOLE,,,
2017,LFY,5/20/17,2871,REMA ,,,
2017,LFY,5/20/17,2872,PETR,,,
2017,LFY,5/20/17,2873,NEFU,,,
2017,LFY,5/20/17,2874,PETR,,,
2017,CCSP,4/27/17,S955,PEMA,,,
2017,CCSP,4/27/17,S956,PEMA,,,
2017,CCSP,4/27/17,S957,PEMA,,,
2017,CCSP,4/27/17,S958,PEMA,,,
2017,CCSP,4/27/17,S959,PETR,,,
2017,CCSP,4/27/17,S960,PEMA,,,
2017,CCSP,4/27/17,S961,PEMA,,,
2017,CCSP,4/27/17,S962,PEMA,,,
2017,CCSP,4/27/17,S963,PEMA,,,
2017,CCSP,4/27/17,S964,NEFU,,,
2017,CCSP,4/27/17,S965,PEMA,,,
2017,CCSP,4/27/17,S966,NEFU,,,
2017,CCSP,4/27/17,S967,PEMA,,,
2017,CCSP,4/27/17,S968,PEMA,,,
2017,CCSP,4/27/17,S969,NEFU,,,
2017,CCSP,4/27/17,S970,PEMA,,,
2017,CCSP,4/27/17,S971,PEMA,,,
2017,CCSP,4/27/17,S972,PETR,,,
2017,CCSP,4/27/17,S973,NEFU,,,
2017,CCSP,4/27/17,S974,PEMA,,,
2017,CCSP,4/28/17,S975,PEMA,,,
2017,CCSP,4/28/17,S979,PEMA,,,
2017,CCSP,4/28/17,S982,PEMA,,,
2017,CCSP,4/28/17,S987,PEMA,,,
2017,CCSP,4/28/17,S988,NEFU,,,
2017,CCSP,4/28/17,S989,PETR,,,
2017,CCSP,4/28/17,S990,PEMA,,,
2017,CCSP,4/28/17,NA,SHREW,,,
2017,CCSP,4/29/17,2354,PEMA,,,
2017,CCSP,4/29/17,2355,PEMA,,,
2017,CCSP,4/29/17,2356,PEMA,,,
2017,CCSP,4/29/17,2357,PEMA,,,
2017,CCSP,4/29/17,2358,NEFU,,,
2017,CCSP,4/29/17,2360,PEMA,,,
2017,CCSP,4/29/17,2361,PEMA,,,
2017,CCSP,4/29/17,2362,PEMA,,,
2017,CCSP,4/29/17,S991,PEMA,,,
2017,CCSP,4/29/17,S992,PEMA,,,
2017,CCSP,4/29/17,S993,NEFU,,,
2017,CCSP,4/29/17,S994,PEMA,,,
2017,CCSP,4/29/17,S995,NEFU,,,
2017,SLRP,5/14/17,2838,NEFU,,,
2017,SLRP,5/14/17,2876,PETR,,,
2017,SLRP,5/15/17,2851,PETR,,,
2017,SLRP,5/15/17,2852,PETR,,,
2017,SLRP,5/15/17,2853,PETR,,,
2017,SLRP,5/15/17,2854,PETR,,,
2017,SLRP,5/16/17,2855,PETR,,,
2017,SLRP,5/16/17,2856,NEFU,,,
2018,SMI,4/15/18,A296,MICA,,,
2018,WP,5/7/18,2349,NEFU,,,
2018,WP,5/7/18,3226,PECA,,,
2018,WP,5/7/18,3250,PECA,,,
2018,WP,5/7/18,A256,NEFU,,,
2018,WP,5/7/18,A312,PECA,,,
2018,WP,5/7/18,A37,PECA,,,
2018,WP,5/7/18,A38,SCNI,,,
2018,WP,5/7/18,A40,NEFU,,,
2018,WP,5/7/18,A41,NEFU,,,
2018,WP,5/7/18,A42,SCNI,,,
2018,WP,5/7/18,A45,SCNI,,,
2018,WP,5/7/18,A569,NEFU,,,
2018,WP,5/7/18,A570,PECA,,,
2018,WP,5/7/18,A060,MICA,,,
2018,WP,5/7/18,A061,REME,,,
2018,WP,5/7/18,A062,NEFU,,,
2018,WP,5/7/18,A063,NEFU,,,
2018,WP,5/7/18,A069,NEFU,,,
2018,WP,5/7/18,NA,BIRD,,,
2018,WP,5/7/18,NA,BIRD,,,
2018,WP,5/7/18,NA,SCNI,,,
2018,JSCP,4/9/18,2332,PETR,,,
2018,JSCP,4/9/18,2335,NEFU,,,
2018,JSCP,4/9/18,2365,PETR,,,
2018,JSCP,4/9/18,2378,PETR,,,
2018,JSCP,4/9/18,2385,PETR,,,
2018,JSCP,4/9/18,2386,PETR,,,
2018,JSCP,4/9/18,2387,PETR,,,
2018,JSCP,4/9/18,2388,NEFU,,,
2018,JSCP,4/9/18,2391,PETR,,,
2018,JSCP,4/9/18,2393,NEFU,,,
2018,JSCP,4/9/18,2396,PETR,,,
2018,JSCP,4/9/18,2833,NEFU,,,
2018,JSCP,4/9/18,A186,PETR,,,
2018,JSCP,4/9/18,A187,PETR,,,
2018,JSCP,4/9/18,A188,PETR,,,
2018,JSCP,4/9/18,A189,PETR,,,
2018,JSCP,4/9/18,A190,PETR,,,
2018,JSCP,4/9/18,A191,PETR,,,
2018,JSCP,4/9/18,A192,PETR,,,
2018,JSCP,4/9/18,A193,PETR,,,
2018,JSCP,4/9/18,A195,PETR,,,
2018,JSCP,4/9/18,A196,NEFU,,,
2018,JSCP,4/9/18,A197,PETR,,,
2018,JSCP,4/9/18,A198,PETR,,,
2018,JSCP,4/9/18,A199,PETR,,,
2018,JSCP,4/9/18,A267,PETR,,,
2018,JSCP,4/9/18,A268,NEFU,,,
2018,JSCP,4/9/18,A269,NEFU,,,
2018,JSCP,4/9/18,A801,NEFU,,,
2018,JSCP,4/9/18,A803,PETR,,,
2018,JSCP,4/9/18,A804,PETR,,,
2018,JSCP,4/9/18,A805,PETR,,,
2018,JSCP,4/9/18,A806,PETR,,,
2018,JSCP,4/9/18,A808,NEFU,,,
2018,JSCP,4/9/18,A809,PETR,,,
2018,JSCP,4/9/18,A810,PETR,,,
2018,JSCP,4/9/18,A811,PETR,,,
2018,JSCP,4/9/18,A812,PETR,,,
2018,JSCP,4/9/18,A813,PETR,,,
2018,JSCP,4/9/18,A814,PETR,,,
2018,JSCP,4/9/18,A851,PETR,,,
2018,JSCP,4/9/18,A852,PETR,,,
2018,JSCP,4/9/18,A853,PETR,,,
2018,JSCP,4/9/18,A854,PETR,,,
2018,JSCP,4/9/18,A855,PETR,,,
2018,JSCP,4/9/18,A856,PETR,,,
2018,JSCP,4/9/18,A857,NEFU,,,
2018,JSCP,4/9/18,A858,PETR,,,
2018,JSCP,4/9/18,A859,PETR,,,
2018,JSCP,4/9/18,A860,PETR,,,
2018,JSCP,4/9/18,A861,NEFU,,,
2018,JSCP,4/9/18,A862,PETR,,,
2018,JSCP,4/9/18,NA,NEFU,,,
2018,JSCP,4/9/18,S?83,NEFU,,,
2018,JSCP,4/9/18,S797,NEFU,,,
2018,JSCP,4/9/18,S802,PETR,,,
2018,JSCP,4/9/18,S808,PETR,,,
2018,JSCP,4/9/18,S821,NEFU,,,
2018,JSCP,4/9/18,S951,PETR,,,
2018,JSCP,4/9/18,S997,PETR,,,
2018,WDLP,4/8/18,2326,PECA,,,
2018,WDLP,4/8/18,2370,PECA,,,
2018,WDLP,4/8/18,2352/2353,NEFU,,,
2018,WDLP,4/8/18,A183,PETR,,,
2018,WDLP,4/8/18,A184,PETR,,,
2018,WDLP,4/8/18,A185,PETR,,,
2018,WDLP,4/8/18,A251,PECA,,,
2018,WDLP,4/8/18,A252,NEFU,,,
2018,WDLP,4/8/18,A253,PETR,,,
2018,WDLP,4/8/18,A256-5,SCCA,,,
2018,WDLP,4/8/18,A257,PETR,,,
2018,WDLP,4/8/18,A258,NEFU,,,
2018,WDLP,4/8/18,A259,NEFU,,,
2018,WDLP,4/8/18,A260,PETR,,,
2018,WDLP,4/8/18,A261,PETR,,,
2018,WDLP,4/8/18,A262,NEFU,,,
2018,WDLP,4/8/18,A263,PETR,,,
2018,WDLP,4/8/18,A264,PETR,,,
2018,WDLP,4/8/18,A266,NEFU,,,
2018,WDLP,4/8/18,A281,NEFU,,,
2018,WDLP,4/8/18,A282,PETR,,,
2018,WDLP,4/8/18,A826,PETR,,,
2018,WDLP,4/8/18,A827,PETR,,,
2018,WDLP,4/8/18,NA,NEFU,,,
2018,WDLP,4/8/18,NA,NA,,,
2018,WDLP,4/8/18,NA,NEFU,,,
2018,WDLP,4/8/18,S720/2371,NEFU,,,
2018,WDLP,4/8/18,S980,PETR,,,
2018,WDLP,4/8/18,S986,NEFU,,,
2018,HOS,4/30/18,2801,PETR,,,
2018,HOS,4/30/18,2817,NEFU,,,
2018,HOS,4/30/18,2826,NEFU,,,
2018,HOS,4/30/18,2829,NEFU,,,
2018,HOS,4/30/18,2831,NEFU,,,
2018,HOS,4/30/18,2836,NEFU,,,
2018,HOS,4/30/18,3216,PETR,,,
2018,HOS,4/30/18,3225,NEFU,,,
2018,HOS,4/30/18,3267,PETR,,,
2018,HOS,4/30/18,3279,PECA,,,
2018,HOS,4/30/18,3280,PETR,,,
2018,HOS,4/30/18,3281,NEFU,,,
2018,HOS,4/30/18,3284,PETR,,,
2018,HOS,4/30/18,3285,NEFU,,,
2018,HOS,4/30/18,3288,NEFU,,,
2018,HOS,4/30/18,3290,NEFU,,,
2018,HOS,4/30/18,3291,NEFU,,,
2018,HOS,4/30/18,3294,PETR,,,
2018,HOS,4/30/18,3295,PETR,,,
2018,HOS,4/30/18,A025,NEFU,,,
2018,HOS,4/30/18,A321,PETR,,,
2018,HOS,4/30/18,A323,PETR,,,
2018,HOS,4/30/18,A324,PETR,,,
2018,HOS,4/30/18,A325,NEFU,,,
2018,HOS,4/30/18,A048,NEFU,,,
2018,HOS,4/30/18,A049,PETR,,,
2018,HOS,4/30/18,A050,PETR,,,
2018,HOS,4/30/18,A053,PETR,,,
2018,HOS,4/30/18,A054,NEFU,,,
2018,HOS,4/30/18,A055,NEFU,,,
2018,HOS,4/30/18,A056,NEFU,,,
2018,HOS,4/30/18,A057,PETR,,,
2018,HOS,4/30/18,A571,PETR,,,
2018,HOS,4/30/18,A573,NEFU,,,
2018,HOS,4/30/18,A574,PETR,,,
2018,HOS,4/30/18,A058,PECA,,,
2018,HOS,4/30/18,A064,PETR,,,
2018,HOS,4/30/18,A065,PETR,,,
2018,HOS,4/30/18,A066,NEFU,,,
2018,HOS,4/30/18,A067,NEFU,,,
2018,HOS,4/30/18,A068,NEFU,,,
2018,HOS,4/30/18,A075,PETR,,,
2018,HOS,4/30/18,N/A,PETR,,,
2018,HOS,4/30/18,S912,NEFU,,,
2018,TUP,4/15/18,2841,NEFU,,,
2018,TUP,4/15/18,2844,NEFU,,,
2018,TUP,4/15/18,2845,NEFU,,,
2018,TUP,4/15/18,2880,PEMA,,,
2018,TUP,4/15/18,2882,PEMA,,,
2018,TUP,4/15/18,2884,PEMA,,,
2018,TUP,4/15/18,2898,PEMA,,,
2018,TUP,4/15/18,3066,NEFU,,,
2018,TUP,4/15/18,A142,PEMA,,,
2018,TUP,4/15/18,A823,PEMA,,,
2018,TUP,4/15/18,A824,NEFU,,,
2018,TUP,4/15/18,A825,PEMA,,,
2018,TUP,4/15/18,A848,PEMA,,,
2018,TUP,4/15/18,A849,NEFU,,,
2018,TUP,4/15/18,A850,NEFU,,,
2018,TUP,4/15/18,A874,PEMA,,,
2018,TUP,4/15/18,A875,NEFU,,,
2018,TUP,4/15/18,A927,PEMA,,,
2018,TUP,4/15/18,A928,MICA,,,
2018,TUP,4/15/18,A940,NEFU,,,
2018,TUP,4/15/18,A947,PEMA,,,
2018,TUP,4/15/18,A948,NEFU,,,
2018,TUP,4/15/18,A949,PEMA,,,
2018,TUP,4/15/18,A963,NEFU,,,
2018,TUP,4/15/18,NA,PEMA,,,
2018,TUP,4/15/18,NA,NEFU,,,
2018,TUP,4/15/18,NA,NEFU,,,
2018,LFY,4/23/18,2873,NEFU,,,
2018,LFY,4/23/18,3212,PETR,,,
2018,LFY,4/23/18,3213,PETR,,,
2018,LFY,4/23/18,3221,PETR,,,
2018,LFY,4/23/18,3257,PETR,,,
2018,LFY,4/23/18,3260,PETR,,,
2018,LFY,4/23/18,3264,PETR,,,
2018,LFY,4/23/18,3268,PETR,,,
2018,LFY,4/23/18,3269,PETR,,,
2018,LFY,4/23/18,3276,NEFU,,,
2018,LFY,4/23/18,A273,NEFU,,,
2018,LFY,4/23/18,A275,PETR,,,
2018,LFY,4/23/18,A052,PETR,,,
2018,LFY,4/23/18,A562,PETR,,,
2018,LFY,4/23/18,A563,PETR,,,
2018,LFY,4/23/18,A564,PETR,,,
2018,LFY,4/23/18,A565,PETR,,,
2018,LFY,4/23/18,A566,PETR,,,
2018,LFY,4/23/18,A567,NEFU,,,
2018,LFY,4/23/18,A926,PETR,,,
2018,LFY,4/23/18,A974,PETR,,,
2018,LFY,4/23/18,NA,NEFU,,,
2018,CCSP,4/19/18,2358,NEFU,,,
2018,CCSP,4/19/18,3201,NEFU,,,
2018,CCSP,4/19/18,3202,PETR,,,
2018,CCSP,4/19/18,3203,NEFU,,,
2018,CCSP,4/19/18,3204,PEMA,,,
2018,CCSP,4/19/18,3205,NEFU,,,
2018,CCSP,4/19/18,3206,NEFU,,,
2018,CCSP,4/19/18,3207,PEMA,,,
2018,CCSP,4/19/18,3208,NEFU,,,
2018,CCSP,4/19/18,3209,NEFU,,,
2018,CCSP,4/19/18,3210,NEFU,,,
2018,CCSP,4/19/18,3251,PEMA,,,
2018,CCSP,4/19/18,3252,NEFU,,,
2018,CCSP,4/19/18,3253,PEMA,,,
2018,CCSP,4/19/18,3254,PEMA,,,
2018,CCSP,4/19/18,3255,PEMA,,,
2018,CCSP,4/19/18,3256,NEFU,,,
2018,CCSP,4/19/18,3259,PEMA,,,
2018,CCSP,4/19/18,3263,NEFU,,,
2018,CCSP,4/19/18,3265,REME,,,
2018,CCSP,4/19/18,3272,NEFU,,,
2018,CCSP,4/19/18,3273,PEMA,,,
2018,CCSP,4/19/18,A---,NEFU,,,
2018,CCSP,4/19/18,A013,PEMA,,,
2018,CCSP,4/19/18,A014,PEMA,,,
2018,CCSP,4/19/18,A143,NEFU,,,
2018,CCSP,4/19/18,A144,PEMA,,,
2018,CCSP,4/19/18,A145,PEMA,,,
2018,CCSP,4/19/18,A146,MICA,,,
2018,CCSP,4/19/18,A147,PEMA,,,
2018,CCSP,4/19/18,A148,PETR,,,
2018,CCSP,4/19/18,A149,PETR,,,
2018,CCSP,4/19/18,A015,PEMA,,,
2018,CCSP,4/19/18,A017,PEMA,,,
2018,CCSP,4/19/18,A018,NEFU,,,
2018,CCSP,4/19/18,A297,PEMA,,,
2018,CCSP,4/19/18,A298,PEMA,,,
2018,CCSP,4/19/18,A299,PEMA,,,
2018,CCSP,4/19/18,A300,PEMA,,,
2018,CCSP,3/29/18,A334,NEFU,,,
2018,CCSP,4/19/18,A334,NEFU,,,
2018,CCSP,4/19/18,A559,PETR,,,
2018,CCSP,4/19/18,A560,PEMA,,,
2018,CCSP,4/19/18,A651,PEMA,,,
2018,CCSP,4/19/18,A934,PEMA,,,
2018,CCSP,4/19/18,A935,PEMA,,,
2018,CCSP,4/19/18,A934,PEMA,,,
2018,CCSP,4/19/18,A938,NEFU,,,
2018,CCSP,4/19/18,A939,MICA,,,
2018,CCSP,4/19/18,A941,MICA,,,
2018,CCSP,4/19/18,A942,PEMA,,,
2018,CCSP,4/19/18,A943,PEMA,,,
2018,CCSP,4/19/18,A945,NEFU,,,
2018,CCSP,4/19/18,NA,NEFU,,,
2018,CCSP,4/19/18,NA,PERO,,,
2018,CCSP,4/19/18,NA,NEFU,,,
2018,CCSP,4/19/18,NA,NEFU,,,
2018,CCSP,3/29/18,S959,PETR,,,
2018,CCSP,4/19/18,S964,NEFU,,,
2018,CCSP,4/19/18,S988,NEFU,,,
2018,SLRP,4/27/18,2856,NEFU,,,
2018,SLRP,4/27/18,3214,PETR,,,
2018,SLRP,4/27/18,3215,PETR,,,
2018,SLRP,4/27/18,3217,MICA,,,
2018,SLRP,4/27/18,3218,PETR,,,
2018,SLRP,4/27/18,3219,PETR,,,
2018,SLRP,4/27/18,3223,PETR,,,
2018,SLRP,4/27/18,3258,PETR,,,
2018,SLRP,4/27/18,3261,PETR,,,
2018,SLRP,4/27/18,3262,PETR,,,
2018,SLRP,4/27/18,3270,PETR,,,
2018,SLRP,4/27/18,3274,PETR,,,
2018,SLRP,4/27/18,3275,PETR,,,
2018,SLRP,4/27/18,A019,PETR,,,
2018,SLRP,4/27/18,A020,NEFU,,,
2018,SLRP,4/27/18,A021,PETR,,,
2018,SLRP,4/27/18,A022,PETR,,,
2018,SLRP,4/27/18,A023,PETR,,,
2018,SLRP,4/27/18,A024,PETR,,,
2018,SLRP,4/27/18,A318,PETR,,,
2018,SLRP,4/27/18,A319,NEFU,,,
2018,SLRP,4/27/18,A320,PETR,,,
2018,SLRP,4/27/18,A572,PETR,,,
2018,SLRP,4/27/18,MEME1,MEME,,,
2018,SLRP,4/27/18,MEME2,MEME,,,
2018,SLRP,4/27/18,NA,SCGR,,,
2018,FL,4/12/18,A200,PEMA,,,
2018,FL,4/12/18,A265,PETR,,,
2018,FL,4/12/18,A270,PETR,,,
2018,FL,4/12/18,A271,PETR,,,
2018,FL,4/12/18,A272,PEMA,,,
2018,FL,4/12/18,A283,PECA,,,
2018,FL,4/12/18,A284,PECA,,,
2018,FL,4/12/18,A285,PEMA,,,
2018,FL,4/12/18,A286,PEMA,,,
2018,FL,4/12/18,A287,PEMA,,,
2018,FL,4/12/18,A288,PEMA,,,
2018,FL,4/12/18,A290,PETR,,,
2018,FL,4/12/18,A291,PECA,,,
2018,FL,4/12/18,A292,PETR,,,
2018,FL,4/12/18,A293,PETR,,,
2018,FL,4/12/18,A294,PECA,,,
2018,FL,4/12/18,A295,PETR,,,
2018,FL,4/12/18,A815,PETR,,,
2018,FL,4/12/18,A816,PETR,,,
2018,FL,4/12/18,A817,PETR,,,
2018,FL,4/12/18,A818,PECA,,,
2018,FL,4/12/18,A819,PEMA,,,
2018,FL,4/12/18,A820,PECA,,,
2018,FL,4/12/18,A821,NEFU,,,
2018,FL,4/12/18,A828,PETR,,,
2018,FL,4/12/18,A829,PETR,,,
2018,FL,4/12/18,A830,PEMA,,,
2018,FL,4/12/18,A831,PECA,,,
2018,FL,4/12/18,A832,PECA,,,
2018,FL,4/12/18,A833,PECA,,,
2018,FL,4/12/18,A834,NEFU,,,
2018,FL,4/12/18,A835,PEMA,,,
2018,FL,4/12/18,A836,PETR,,,
2018,FL,4/12/18,A837,PETR,,,
2018,FL,4/12/18,A838,PETR,,,
2018,FL,4/12/18,A839,PETR,,,
2018,FL,4/12/18,A840,PETR,,,
2018,FL,4/12/18,A841,PEMA,,,
2018,FL,4/12/18,A842,PETR,,,
2018,FL,4/12/18,A843,PECA,,,
2018,FL,4/12/18,A844,PETR,,,
2018,FL,4/12/18,A845,PEMA,,,
2018,FL,4/12/18,A846,PETR,,,
2018,FL,4/12/18,A847,PECA,,,
2018,FL,4/12/18,A863,PETR,,,
2018,FL,4/12/18,A864/A865,PETR,,,
2018,FL,4/12/18,A866,PETR,,,
2018,FL,4/12/18,A867,PETR,,,
2018,FL,4/12/18,A868,PETR,,,
2018,FL,4/12/18,A869,PETR,,,
2018,FL,4/12/18,A870,PEMA,,,
2018,FL,4/12/18,A871,PECA,,,
2018,FL,4/12/18,A872,PETR,,,
2018,FL,4/12/18,A873,PETR,,,
2018,WH,5/18/18,3227,PETR,,,
2018,WH,5/18/18,3228,PETR,,,
2018,WH,5/18/18,3229,PETR,,,
2018,WH,5/18/18,3230,PECA,,,
2018,WH,5/18/18,3232,PETR,,,
2018,WH,5/18/18,3234,PECA,,,
2018,WH,5/18/18,3235,PECA,,,
2018,WH,4/3/18,A001,PETR,,,
2018,WH,4/3/18,A010,PETR,,,
2018,WH,4/3/18,A011,PETR,,,
2018,WH,4/3/18,A012,PETR,,,
2018,WH,4/3/18,A141,NEFU,,,
2018,WH,4/3/18,A002,PETR,,,
2018,WH,4/3/18,A003,PETR,,,
2018,WH,4/3/18,A307,PETR,,,
2018,WH,4/3/18,A308,PETR,,,
2018,WH,4/3/18,A309,NEFU,,,
2018,WH,4/3/18,A310,PECA,,,
2018,WH,4/3/18,A311,PETR,,,
2018,WH,4/3/18,A314,PECA,,,
2018,WH,4/3/18,A315,PETR,,,
2018,WH,4/3/18,A316,PETR,,,
2018,WH,4/3/18,A317,PETR,,,
2018,WH,4/3/18,A335,NEFU,,,
2018,WH,4/3/18,A336,PETR,,,
2018,WH,4/3/18,A337,PETR,,,
2018,WH,4/3/18,A004,PEMA,,,
2018,WH,4/3/18,A005,PETR,,,
2018,WH,4/3/18,A051,PETR,,,
2018,WH,4/3/18,A006,PECA,,,
2018,WH,4/3/18,A618,PECA,,,
2018,WH,4/3/18,A619,PETR,,,
2018,WH,4/3/18,A620,PECA,,,
2018,WH,4/3/18,A621,PETR,,,
2018,WH,4/3/18,A622,PECA,,,
2018,WH,4/3/18,A623,PETR,,,
2018,WH,4/3/18,A624,PETR,,,
2018,WH,4/3/18,A625,PETR,,,
2018,WH,4/3/18,A639,PETR,,,
2018,WH,4/3/18,A640,PETR,,,
2018,WH,4/3/18,A641,PETR,,,
2018,WH,4/3/18,A649,NEFU,,,
2018,WH,4/3/18,A007,PETR,,,
2018,WH,4/3/18,A008,PETR,,,
2018,WH,5/18/18,A876,NEFU,,,
2018,WH,5/18/18,A877,PETR,,,
2018,WH,5/18/18,A878,PETR,,,
2018,WH,5/18/18,A879,PETR,,,
2018,WH,5/18/18,A880,PECA,,,
2018,WH,5/18/18,A881,PETR,,,
2018,WH,5/18/18,A883,PETR,,,
2018,WH,5/18/18,A884,PECA,,,
2018,WH,5/18/18,A885,PETR,,,
2018,WH,5/18/18,A886,NEFU,,,
2018,WH,5/18/18,A887,NEFU,,,
2018,WH,5/18/18,A888,PETR,,,
2018,WH,5/18/18,A889,PETR,,,
2018,WH,5/18/18,A890,PECA,,,
2018,WH,5/18/18,A891,PECA,,,
2018,WH,5/18/18,A892,PETR,,,
2018,WH,5/18/18,A893,PETR,,,
2018,WH,4/3/18,A009,PECA,,,
2018,WH,4/3/18,A962,PETR,,,
2018,WH,4/3/18,A964,PETR,,,
2018,WH,4/3/18,A965,PETR,,,
2018,WH,4/3/18,A966,PETR,,,
2018,WH,4/3/18,A967,PECA,,,
2018,WH,4/3/18,A970,PETR,,,
2018,WH,4/3/18,A972,PETR,,,
2018,WH,4/3/18,A973,PETR,,,
2018,WH,4/3/18,A975,PECA,,,
2018,WH,4/3/18,A140,PEMA,,,
2018,WH,4/3/18,NA,NA,,,
2018,WH,4/3/18,NA,NEFU,,,
2018,WH,4/3/18,NA,NEFU,,,
2018,WH,4/3/18,NA,NA,,,
2018,WH,5/18/18,NA,PETR,,,
2018,SLRP,4/27/18,3266,PETR,,,
2019,HOS,4/17/19,3285,NEFU,,,
2019,HOS,4/17/19,A066,NEFU,,,
2019,HOS,4/17/19,S912,NEFU,,,
2019,HOS,4/17/19,A900,PETR,,,
2019,HOS,4/17/19,A899,PETR,,,
2019,HOS,4/17/19,A653,NEFU,,,
2019,HOS,4/17/19,A903,NEFU,,,
2019,HOS,4/17/19,A904,PETR,,,
2019,HOS,4/17/19,A977,PETR,,,
2019,HOS,4/18/19,A898,NEFU,,,
2019,HOS,4/17/19,A321,PETR,,,
2019,HOS,4/17/19,A027,PETR,,,
2019,HOS,4/17/19,A028,PETR,,,
2019,HOS,4/17/19,A978,PETR,,,
2019,HOS,4/18/19,A896,PETR,,,
2019,HOS,4/18/19,A983,NEFU,,,
2019,HOS,4/17/19,A025,NEFU,,,
2019,HOS,4/17/19,A976,PETR,,,
2019,HOS,4/17/19,A026,NEFU,,,
2019,HOS,4/17/19,2826,NEFU,,,
2019,HOS,4/17/19,A076,PETR,,,
2019,HOS,4/18/19,A100,NEFU,,,
2019,HOS,4/18/19,A979,NEFU,,,
2019,HOS,4/18/19,A980,NEFU,,,
2019,HOS,4/18/19,A981,NEFU,,,
2019,HOS,4/18/19,A982,PETR,,,
2019,HOS,4/19/19,A099,NEFU,,,
2019,HOS,4/19/19,S274,NEFU,,,
2019,HOS,4/19/19,S272,NEFU,,,
2019,WP,4/17/19,3211,PECA,,,
2019,WP,4/17/19,3226,PECA,,,
2019,WP,4/17/19,3236,PECA,,,
2019,WP,4/18/19,3237,NEFU,,,
2019,WP,4/18/19,3238,PECA,,,
2019,WH,4/22/19,A905,PETR,,,
2019,WH,4/22/19,A906,PECA,,,
2019,WH,4/22/19,A907,PETR,,,
2019,WH,4/23/19,A910,PETR,,,
2019,WH,4/22/19,3351,PETR,,,
2019,WH,4/22/19,A621,PETR,,,
2019,WH,4/22/19,A098,PETR,,,
2019,WH,4/22/19,A097,PECA,,,
2019,WH,4/22/19,A096,PETR,,,
2019,WH,4/22/19,A984,PECA,,,
2019,WH,4/22/19,A078,NEFU,,,
2019,WH,4/22/19,3323,PETR,,,
2019,WH,4/23/19,A985,PETR,,,
2019,WH,4/22/19,A967,PECA,,,
2019,WH,4/22/19,3240,PETR,,,
2019,WH,4/22/19,A877,PETR,,,
2019,WH,4/22/19,S271,PETR,,,
2019,WH,4/22/19,S270,PETR,,,
2019,WH,4/22/19,S269,REME,,,
2019,WH,4/23/19,S268,PECA,,,
2019,WH,4/23/19,S267,PECA,,,
2019,WH,4/22/19,A894,PETR,,,
2019,WH,4/22/19,3325,PETR,,,
2019,WH,4/22/19,3324,PECA,,,
2019,WH,4/22/19,3322,PETR,,,
2019,WH,4/23/19,3320,PETR,,,
2019,WH,4/23/19,3319,PETR,,,
2019,WH,4/23/19,3318,PETR,,,
2019,WH,4/23/19,3317,PETR,,,
2019,WH,4/23/19,3316,PECA,,,
2019,WH,4/24/19,3315,NEFU,,,
2019,WH,4/22/19,A908,PETR,,,
2019,WH,4/24/19,3314,NEFU,,,
2019,WH,4/24/19,3313,PETR,,,
2019,WH,4/22/19,3239,PETR,,,
2019,WH,4/22/19,3241,PETR,,,
2019,WH,4/23/19,3242,PECA,,,
2019,PUG,4/24/19,S266,PETR,,,
2019,PUG,4/24/19,S265,PETR,,,
2019,PUG,4/24/19,S264,PETR,,,
2019,PUG,4/25/19,S263,PETR,,,
2019,PUG,4/24/19,A987,PETR,,,
2019,PUG,4/26/19,S262,NEFU,,,
2019,PUG,4/24/19,A988,PETR,,,
2019,PUG,4/26/19,S261,PETR,,,
2019,PUG,4/26/19,S260,NEFU,,,
2019,PUG,4/24/19,A989,PETR,,,
2019,PUG,4/24/19,A912,PETR,,,
2019,PUG,4/25/19,A95,PETR,,,
2019,PUG,4/24/19,A913,NEFU,,,
2019,PUG,4/24/19,A911,PETR,,,
2019,PUG,4/25/19,A914,PETR,,,
2019,PUG,4/25/19,A915,PETR,,,
2019,PUG,4/26/19,A916,PETR,,,
2019,PUG,4/24/19,A986,PETR,,,
2019,PUG,4/26/19,A917,NEFU,,,
2019,PUG,4/25/19,3312,PETR,,,
2019,PUG,4/25/19,3311,PETR,,,
2019,CCSP,4/29/19,S259,PEMA,,,
2019,CCSP,4/29/19,S258,PEMA,,,
2019,CCSP,4/29/19,S257,PEMA,,,
2019,CCSP,4/29/19,A034,PEMA,,,
2019,CCSP,4/30/19,S255,PEMA,,,
2019,CCSP,4/30/19,2358,NEFU,,,
2019,CCSP,4/30/19,S254,PEMA,,,
2019,CCSP,4/29/19,A995,PEMA,,,
2019,CCSP,4/30/19,A035,PEMA,,,
2019,CCSP,4/30/19,S253,PEMA,,,
2019,CCSP,4/29/19,3309,PEMA,,,
2019,CCSP,4/29/19,3308,PEMA,,,
2019,CCSP,4/29/19,3307,PEMA,,,
2019,CCSP,4/29/19,3306,PEMA,,,
2019,CCSP,4/29/19,A032,PEMA,,,
2019,CCSP,4/29/19,A030,NEFU,,,
2019,CCSP,4/29/19,A938,NEFU,,,
2019,CCSP,4/30/19,3263,NEFU,,,
2019,CCSP,4/30/19,3305,NEFU,,,
2019,CCSP,4/30/19,3304,PEMA,,,
2019,CCSP,4/30/19,3303,PEMA,,,
2019,CCSP,4/30/19,3302,PEMA,,,
2019,CCSP,4/30/19,3301,PEMA,,,
2019,CCSP,4/29/19,A990,PEMA,,,
2019,CCSP,4/29/19,A991,PEMA,,,
2019,CCSP,4/29/19,A992,PEMA,,,
2019,CCSP,4/29/19,A993,PEMA,,,
2019,CCSP,4/29/19,A994,PETR,,,
2019,CCSP,4/29/19,A996,PEMA,,,
2019,CCSP,4/29/19,A997,PEMA,,,
2019,CCSP,4/29/19,3244,PEMA,,,
2019,CCSP,4/29/19,3245,NEFU,,,
2019,CCSP,4/29/19,3246,NEFU,,,
2019,CCSP,4/29/19,S256,PEMA,,,
2019,CCSP,4/30/19,3247,PEMA,,,
2019,CCSP,4/30/19,A642,PEMA,,,
2019,CCSP,4/30/19,A643,PEMA,,,
2019,CCSP,4/29/19,A918,PEMA,,,
2019,CCSP,4/29/19,A919,PEMA,,,
2019,CCSP,4/29/19,A920,NEFU,,,
2019,CCSP,4/30/19,3259,NEFU,,,
2019,CCSP,4/30/19,A921,NEFU,,,
2019,CCSP,5/1/19,3374,NEFU,,,
2019,SMI,4/30/19,NA,,,,
2019,TUP,5/1/19,A644,PEMA,,,
2019,TUP,5/1/19,A645,PEMA,,,
2019,TUP,5/1/19,A646,NEFU,,,
2019,TUP,5/1/19,A940,NEFU,,,
2019,TUP,5/2/19,A647,PEMA,,,
2019,TUP,5/2/19,A648,NEFU,,,
2019,TUP,5/2/19,A080,PEMA,,,
2019,TUP,5/3/19,A081,PEMA,,,
2019,TUP,5/3/19,A082,PEMA,,,
2019,TUP,5/2/19,A1000,PEMA,,,
2019,TUP,5/3/19,A083,NEFU,,,
2019,TUP,5/3/19,A084,PEMA,,,
2019,TUP,5/3/19,A085,PEMA,,,
2019,TUP,5/1/19,S252,PEMA,,,
2019,TUP,5/1/19,S251,NEFU,,,
2019,TUP,5/1/19,A875,NEFU,,,
2019,TUP,5/1/19,A998,NEFU,,,
2019,TUP,5/2/19,A874,PEMA,,,
2019,TUP,5/2/19,A999,PEMA,,,
2019,TUP,5/2/19,A086,PEMA,,,
2019,TUP,5/3/19,A676,PEMA,,,
2019,TUP,5/3/19,A677,NEFU,,,
2019,TUP,5/2/19,3375,NEFU,,,
2019,TUP,5/2/19,2908,NEFU,,,
2019,TUP,5/2/19,3373,NEFU,,,
2019,TUP,5/3/19,A922,PEMA,,,
2019,WDLP,5/6/19,S250,PETR,,,
2019,WDLP,5/6/19,S249,PETR,,,
2019,WDLP,5/7/19,A654,PETR,,,
2019,WDLP,5/7/19,A662,NEFU,,,
2019,WDLP,5/7/19,A663,PETR,,,
2019,WDLP,5/6/19,A923,PECA,,,
2019,WDLP,5/6/19,NA,NEFU,,,
2019,WDLP,5/7/19,A661,PETR,,,
2019,WDLP,5/6/19,A678,PECA,,,
2019,WDLP,5/6/19,S720,NEFU,,,
2019,WDLP,5/8/19,A679,NEFU,,,
2019,FL,5/8/19,3372,PECA,,,
2019,FL,5/8/19,3371,PECA,,,
2019,FL,5/8/19,3370,PECA,,,
2019,FL,5/8/19,3369,PECA,,,
2019,FL,5/8/19,3367,PETR,,,
2019,FL,5/8/19,A284,PECA,,,
2019,FL,5/8/19,3368,PECA,,,
2019,FL,5/9/19,3365,PETR,,,
2019,FL,5/9/19,3366,PECA,,,
2019,FL,5/9/19,3364,PETR,,,
2019,FL,5/8/19,A665,PECA,,,
2019,FL,5/8/19,A666,PETR,,,
2019,FL,5/9/19,3362,PETR,,,
2019,FL,5/9/19,3363,PETR,,,
2019,FL,5/8/19,A672,PETR,,,
2019,FL,5/9/19,3360,PETR,,,
2019,FL,5/10/19,A680,PECA,,,
2019,FL,5/10/19,A681,PECA,,,
2019,FL,5/9/19,S208,PETR,,,
2019,FL,5/8/19,S248,PETR,,,
2019,FL,5/8/19,S247,PETR,,,
2019,FL,5/8/19,S246,PETR,,,
2019,FL,5/8/19,S245,PETR,,,
2019,FL,5/8/19,S244,NEFU,,,
2019,FL,5/10/19,S243,PETR,,,
2019,FL,5/8/19,A673,PETR,,,
2019,FL,5/10/19,S242,PETR,,,
2019,FL,5/8/19,A674,PETR,,,
2019,FL,5/8/19,A667,PECA,,,
2019,FL,5/8/19,A668,PETR,,,
2019,FL,5/9/19,S209,PECA,,,
2019,FL,5/9/19,S210,PETR,,,
2019,FL,5/9/19,A834,NEFU,,,
2019,FL,5/9/19,S211,PETR,,,
2019,FL,5/10/19,S212,PETR,,,
2019,FL,5/10/19,S213,PECA,,,
2019,LFY,5/14/19,S214,PETR,,,
2019,LFY,5/14/19,2873,NEFU,,,
2019,LFY,5/14/19,3361,PETR,,,
2019,LFY,5/15/19,3358,PETR,,,
2019,LFY,5/14/19,3260,PETR,,,
2019,LFY,5/15/19,3352,PETR,,,
2019,TIL,5/22/19,A684,PETR,,,
2019,TIL,5/22/19,A683,PETR,,,
2019,TIL,5/22/19,A685,PETR,,,
2019,TIL,5/22/19,A686,PETR,,,
2019,TIL,5/22/19,A687,PEMA,,,
2019,TIL,5/22/19,A682,PETR,,,
2019,TIL,5/22/19,A688,PECA,,,
2019,TIL,5/22/19,A689,PETR,,,
2019,TIL,5/22/19,A690,PECA,,,
2019,TIL,5/22/19,A691,PETR,,,
2019,TIL,5/22/19,A692,PETR,,,
2019,TIL,5/22/19,A693,PETR,,,
2019,TIL,5/22/19,A694,NEFU,,,
2019,TIL,5/23/19,N/A,UNK,,,
2019,TIL,5/23/19,A695,PETR,,,
2019,TIL,5/23/19,A924,PETR,,,
2019,TIL,5/23/19,A657,PETR,,,
2019,TIL,5/23/19,A696,PETR,,,
2019,TIL,5/23/19,A697,PETR,,,
2019,TIL,5/22/19,A660,PETR,,,
2019,TIL,5/22/19,A659,PECA,,,
2019,TIL,5/22/19,A658,PECA,,,
2019,TIL,5/22/19,A655,PECA,,,
2019,TIL,5/22/19,A656,PETR,,,
2019,TIL,5/22/19,2926,PETR,,,
2019,TIL,5/22/19,2927,NEFU,,,
2019,TIL,5/22/19,2928,PETR,,,
2019,TIL,5/22/19,2929,PETR,,,
2019,TIL,5/22/19,2930,PETR,,,
2019,TIL,5/23/19,2931,PETR,,,
2019,TIL,5/23/19,NA,UNK,,,
2019,TIL,5/23/19,2921,PEMA,,,
2019,TIL,5/23/19,2920,PEMA,,,
2019,JSCP,5/22/19,A801,NEFU,,,
2019,JSCP,5/22/19,S241,PETR,,,
2019,JSCP,5/22/19,3355,PETR,,,
2019,JSCP,5/23/19,S240,NEFU,,,
2019,JSCP,5/22/19,2388,NEFU,,,
2019,JSCP,5/23/19,A196,NEFU,,,
2019,JSCP,5/22/19,2387,PETR,,,
2019,JSCP,5/22/19,2924,PETR,,,
2019,JSCP,5/24/19,S216,NEFU,,,
2019,JSCP,5/22/19,3353,PETR,,,
2019,JSCP,5/22/19,3354,PETR,,,
2019,JSCP,5/22/19,3357,PETR,,,
2019,JSCP,5/22/19,2923,PETR,,,
2019,JSCP,5/23/19,3356,NEFU,,,
2019,JSCP,5/23/19,A268,NEFU,,,
2019,JSCP,5/23/19,3359,PETR,,,
2019,JSCP,5/22/19,S951,PETR,,,
2019,JSCP,5/22/19,2922,PETR,,,
2019,JSCP,5/24/19,S239,NEFU,,,
2019,JSCP,5/24/19,S238,PETR,,,
2019,JSCP,5/24/19,2919,PETR,,,
2019,JSCP,5/24/19,2918,PETR,,,
2019,JSCP,5/24/19,2917,PETR,,,
2019,PR,5/28/19,3400,NEFU,,,
2019,PR,5/28/19,2949,NEFU,,,
2019,PR,5/28/19,3399,PETR,,,
2019,PR,5/28/19,2932,PETR,,,
2019,PR,5/28/19,3398,PETR,,,
2019,PR,5/28/19,2933,PETR,,,
2019,PR,5/28/19,3394,PEMA,,,
2019,PR,5/28/19,3393,NEFU,,,
2019,PR,5/28/19,3392,PETR,,,
2019,PR,5/28/19,3391,PETR,,,
2019,PR,5/28/19,2934,PETR,,,
2019,PR,5/28/19,2935,NEFU,,,
2019,PR,5/28/19,3390,PEMA,,,
2019,PR,5/28/19,3389,PETR,,,
2019,PR,5/28/19,2948,PETR,,,
2019,PR,5/29/19,3388,NEFU,,,
2019,PR,5/29/19,3387,NEFU,,,
2019,PR,5/29/19,3386,PETR,,,
2019,PR,5/29/19,3385,PETR,,,
2019,PR,5/29/19,3384,PETR,,,
2019,PR,5/29/19,3383,PETR,,,
2019,PR,5/29/19,3382,PETR,,,
2019,PR,5/29/19,3381,PETR,,,
2019,PR,5/29/19,3380,PETR,,,
2019,PR,5/30/19,3379,PETR,,,
2019,PR,5/30/19,3378,PETR,,,
2019,PR,5/30/19,3377,PETR,,,
2019,PR,5/30/19,3376,PETR,,,
2019,PR,5/30/19,3327,PETR,,,
2019,PR,5/30/19,3328,MICA,,,
2019,PR,5/30/19,3326,PETR,,,
2019,PR,5/30/19,3329,PEMA,,,
2019,PR,5/30/19,3330,PETR,,,
2019,PR,5/30/19,3331,PETR,,,
2019,PR,5/30/19,3332,PETR,,,
2019,SLRP,5/28/19,S237,PETR,,,
2019,SLRP,5/29/19,S236,PETR,,,
2019,SLRP,5/30/19,S235,PETR,,,
2019,SLRP,5/30/19,S234,PETR,,,
2019,SLRP,5/28/19,S218,PETR,,,
2019,SLRP,5/28/19,S221,PETR,,,
2019,SLRP,5/28/19,S225,PETR,,,
2019,SLRP,5/28/19,3425,NEFU,,,
2019,SLRP,5/30/19,2999,PETR,,,
2019,SLRP,5/30/19,3424,PETR,,,
2019,SLRP,5/30/19,3423,PETR,,,